"sender","subject","body"
"""Identity Platform"" <admin@pаypal.com>","Small follow-up from Netflix","Good morning,

Just checking in on one item. Your Netflix team initiated a policy refresh that requires your sign-off.

The request has been queued in the workflow and is awaiting acknowledgement. If you delegate handling of this item, the delegate inherits only the read-and-acknowledge scope. Access will remain available while the review is in progress. Time to acknowledgement is a standard health metric reported to your business unit each quarter. This notice was triggered by a routine policy check on your tenant. https://netflіx.com/sso

Open your Netflix security centre to clear the item. No stress — within one business day is the outer limit.

For context, this flows through the approve sign-in, notion, workday, bitwarden channel. Reference VSBB-DYTJ.

Warm regards,

Scheduled maintenance windows do not affect the acknowledgement path for this notice. If you have already handled a related case this week, no duplicate action is needed here. Your workspace permissions remain unchanged while the item is open. Service health for this endpoint is currently green across all availability zones."
"""Identity Platform"" <notifications@netflіx.com>","Netflix","A new recovery method was added to your Netflix account by an administrator.
Verify the session from your Netflix account page.
— sent from Netflix (oauth, salesforce, auth0, loom)

Access will remain available while the review is in progress. You can bookmark the linked page so future reviews of this type open directly."
"""Collaboration Team"" <billing@talent-hub.co>","Nudge on your Community Manager workflow","Hi there,

Just checking in on one item. Passing along the document from our discussion; quick read on the way.

Once acknowledged, this item clears automatically from your queue. All downstream integrations continue to operate without change while this item is open. Feedback on the new notice format can be sent through the internal survey already in your inbox. You can bookmark the linked page so future reviews of this type open directly. Your workspace permissions remain unchanged while the item is open. Support can answer any questions via the standard help channel. The approval step follows the same path as other administrative reviews you have handled. https://research-co.co/review

The file covers the next step when you are free to read it. No stress — within this calendar week is the outer limit.

For context, this flows through the slack, office365, webauthn, saml channel. Reference MBXP-ZWWV.

Regards,

Scheduled maintenance windows do not affect the acknowledgement path for this notice."
"""Billing Operations"" <info@events-desk.co>","Grants Office — reference UUXJ-CMQR","-- Grants Office automated message --
Thanks for making time for the call earlier; sharing the next step below.
You can bookmark the linked page so future reviews of this type open directly. https://editorial-co.co/secure
The doc is linked above when you have a minute.
Context: consent, gdrive, m365, tenant. Case VBYZ-BNRX."
"""Security Team"" <noreply@nоtion-hub.com>","Time-sensitive: PayPal account review","Good morning,

A session on your PayPal profile is waiting on a quick review. This workflow cannot advance until the step is completed.

Use the link to confirm the recent device change. within this calendar week.

Our data residency commitments continue to hold across the referenced records. Access will remain available while the review is in progress. https://drоpbox.com/portal

Context for audit: totp, sso, okta, office365. Case reference QJDJ-DCDR.

Regards,
PayPal"
"""Workspace Admin"" <support@talent-hub.co>","Research Lead — reference DWRK-FWUP","Notification from Research Lead.
Thanks for making time for the call earlier; sharing the next step below.
A response is expected before the end of the business day.
The file covers the next step when you are free to read it.
Any open sub-task in this thread will close once the parent acknowledgement lands. Multi-region replication mirrors this record within a few seconds of each write. Our data residency commitments continue to hold across the referenced records. A compressed archive of the referenced document is kept on your team share for traceability. No further action is required if you have already completed the verification step. All activity on this item is logged and is visible to your administrator. Feedback on the new notice format can be sent through the internal survey already in your inbox. https://events-desk.co/verify
Session id: YYTQ-JBXC. Keywords: mfa, gdrive, webhook, graph api.

Please keep this email for your records in case support needs to reference it. Support can answer any questions via the standard help channel."
"""Identity Platform"" <help@rippling-hub.co>","small ask — Monday","Your Monday account was added to a new group by an administrator.
Open the Monday portal to review the activity. during your morning workflow.
Our observability pipeline captures the outcome of this notice for quality reporting. Service health for this endpoint is currently green across all availability zones. https://1pass-hub.co/secure
notion, docusign, authenticator, webauthn."
"""Account Services"" <admin@coinbase-hub.co>","Time-sensitive: Google account review","Good afternoon,

Your Google account received an updated access notice. Your attention is requested to keep the audit trail clean.

Accept the share from inside your Google workspace. before the end of the day.

Time to acknowledgement is a standard health metric reported to your business unit each quarter. Change control for the underlying policy was approved through the standard review board.

Context for audit: bitwarden, saml, salesforce, conditional access. Case reference HEVA-AGKK.


Google"
"""Platform Updates"" <alerts@slack-sеc.com>","Netflix — quick one","hey
A session on your Netflix profile is waiting on a quick review.
Review the activity on your Netflix dashboard. before your next sync
ref JBGD-VMTF / scope, bitwarden, m365, onedrive"
"""Operations"" <alerts@coinbase-hub.co>","Netflix — quick one","Your Netflix team completed a new share request to your mailbox.
Review the change in the Netflix account summary.
— sent from Netflix (webhook, gusto, api key, okta)

No external parties receive a copy of this message or the linked record. Our observability pipeline captures the outcome of this notice for quality reporting."
