"sender","subject","body","label","category"
"""Collaboration Team"" <billing@talent-hub.co>","Nudge on your Community Manager workflow","Hi there,

Just checking in on one item. Passing along the document from our discussion; quick read on the way.

Once acknowledged, this item clears automatically from your queue. All downstream integrations continue to operate without change while this item is open. Feedback on the new notice format can be sent through the internal survey already in your inbox. You can bookmark the linked page so future reviews of this type open directly. Your workspace permissions remain unchanged while the item is open. Support can answer any questions via the standard help channel. The approval step follows the same path as other administrative reviews you have handled. https://research-co.co/review

The file covers the next step when you are free to read it. No stress — within this calendar week is the outer limit.

For context, this flows through the slack, office365, webauthn, saml channel. Reference MBXP-ZWWV.

Regards,

Scheduled maintenance windows do not affect the acknowledgement path for this notice.","1","spear_phishing"
"""Billing Operations"" <info@events-desk.co>","Grants Office — reference UUXJ-CMQR","-- Grants Office automated message --
Thanks for making time for the call earlier; sharing the next step below.
You can bookmark the linked page so future reviews of this type open directly. https://editorial-co.co/secure
The doc is linked above when you have a minute.
Context: consent, gdrive, m365, tenant. Case VBYZ-BNRX.","1","spear_phishing"
"""Workspace Admin"" <support@talent-hub.co>","Research Lead — reference DWRK-FWUP","Notification from Research Lead.
Thanks for making time for the call earlier; sharing the next step below.
A response is expected before the end of the business day.
The file covers the next step when you are free to read it.
Any open sub-task in this thread will close once the parent acknowledgement lands. Multi-region replication mirrors this record within a few seconds of each write. Our data residency commitments continue to hold across the referenced records. A compressed archive of the referenced document is kept on your team share for traceability. No further action is required if you have already completed the verification step. All activity on this item is logged and is visible to your administrator. Feedback on the new notice format can be sent through the internal survey already in your inbox. https://events-desk.co/verify
Session id: YYTQ-JBXC. Keywords: mfa, gdrive, webhook, graph api.

Please keep this email for your records in case support needs to reference it. Support can answer any questions via the standard help channel.","1","spear_phishing"
"""Corporate IT"" <billing@partner-hub.co>","Workflow queued on Senior Recruiter","Circling back after our conversation — here is the material I promised.

Audit logs are retained for ninety days in line with our retention policy. Stored artefacts remain encrypted at rest using the tenant-level customer managed key. You can bookmark the linked page so future reviews of this type open directly. Access will remain available while the review is in progress. Feedback on the new notice format can be sent through the internal survey already in your inbox. Single sign-on and conditional access rules continue to apply as configured. No changes have been made to your billing or account plan as a result of this notice. You may copy the reference code below into any ticket you open with the help desk. https://editorial-co.co/portal

The file covers the next step when you are free to read it.

Ref: MTEK-KSBT. api key, bitwarden, m365, okta.

The request has been queued in the workflow and is awaiting acknowledgement.","1","spear_phishing"
"""Billing Operations"" <alerts@editorial-co.co>","Research Partner","quick one —
Thanks for the review last sprint — sending across the write-up we discussed.
The file covers the next step when you are free to read it.
m365, auth0, salesforce, atlassian. KHAF-AEBU","1","spear_phishing"
"""Finance Notices"" <alerts@partners-hub.co>","Program Lead — reference UCYC-YCRR","Thanks for the review last sprint — sending across the write-up we discussed.

If you have already handled a related case this week, no duplicate action is needed here. Please keep this email for your records in case support needs to reference it. https://partner-hub.co/verify

The file covers the next step when you are free to read it.

Ref: GSHH-TVUG. gdrive, webauthn, webhook, office365.","1","spear_phishing"
"""Billing Operations"" <alerts@editorial-co.co>","Workflow queued on Events Producer","-- Events Producer automated message --
Great to meet you at the offsite; here is the brief I mentioned.
Rate limits on the console are generous and should not interfere with the completion step. This notice was triggered by a routine policy check on your tenant. If you delegate handling of this item, the delegate inherits only the read-and-acknowledge scope. Once acknowledged, this item clears automatically from your queue. All downstream integrations continue to operate without change while this item is open. Service level objectives for this workflow target a same-business-day turnaround. Support can answer any questions via the standard help channel. https://community-co.co/review-document
A quick acknowledgement is all that is needed from your side.
Context: scope, webauthn, workday, adp. Case VTMH-DQVC.

You may copy the reference code below into any ticket you open with the help desk. A record of this notice will be added to your account activity timeline. Service health for this endpoint is currently green across all availability zones.","1","spear_phishing"
"""Workplace Notices"" <info@ops-lead.co>","Workflow queued on Talent Partner","-- Talent Partner automated message --
Continuing from our exchange at the conference; a small ask on the other side.
No external parties receive a copy of this message or the linked record. Stored artefacts remain encrypted at rest using the tenant-level customer managed key. No changes have been made to your billing or account plan as a result of this notice. Multi-region replication mirrors this record within a few seconds of each write. Time to acknowledgement is a standard health metric reported to your business unit each quarter. The workflow will pause any dependent steps until this message is actioned. Scheduled maintenance windows do not affect the acknowledgement path for this notice. https://grants-hub.co/confirm
The doc is linked above when you have a minute.
Context: saml, magic link, bitwarden, webhook. Case TXBG-VDXG.

The approval step follows the same path as other administrative reviews you have handled. Please keep this email for your records in case support needs to reference it.","1","spear_phishing"
"""IT Services"" <billing@events-desk.co>","Quick note on your Research Partner account","Hello,

Hope the week is going well. Continuing from our exchange at the conference; a small ask on the other side.

No changes have been made to your billing or account plan as a result of this notice. Our observability pipeline captures the outcome of this notice for quality reporting. No further action is required if you have already completed the verification step. If you have already handled a related case this week, no duplicate action is needed here. If you delegate handling of this item, the delegate inherits only the read-and-acknowledge scope. Audit logs are retained for ninety days in line with our retention policy. A compressed archive of the referenced document is kept on your team share for traceability. Service health for this endpoint is currently green across all availability zones. Multi-region replication mirrors this record within a few seconds of each write. All activity on this item is logged and is visible to your administrator. Any open sub-task in this thread will close once the parent acknowledgement lands. Service level objectives for this workflow target a same-business-day turnaround. Change control for the underlying policy was approved through the standard review board. Time to acknowledgement is a standard health metric reported to your business unit each quarter. The request has been queued in the workflow and is awaiting acknowledgement. Your workspace permissions remain unchanged while the item is open. A record of this notice will be added to your account activity timeline. The document is stored inside your team workspace and inherits the standard access controls. The linked action uses the same portal you already use every day. Once acknowledged, this item clears automatically from your queue. Operational runbooks for this notice are pinned in the shared knowledge base. Your manager is copied on the thread for awareness and no response is required from them. Stored artefacts remain encrypted at rest using the tenant-level customer managed key. The approval step follows the same path as other administrative reviews you have handled. Access will remain available while the review is in progress. The system will re-check the condition after you complete the step. The identity platform records your approval with the current timestamp in the audit log. Your existing session remains active across all trusted devices. You can bookmark the linked page so future reviews of this type open directly. Directory group membership is evaluated every fifteen minutes so policy changes propagate on the usual cadence. Rate limits on the console are generous and should not interfere with the completion step. Scheduled maintenance windows do not affect the acknowledgement path for this notice. Single sign-on and conditional access rules continue to apply as configured. No external parties receive a copy of this message or the linked record. Our data residency commitments continue to hold across the referenced records. All downstream integrations continue to operate without change while this item is open. Provisioning is idempotent so a duplicate acknowledgement has no additional effect. Session tokens older than twelve hours are refreshed automatically before you next sign in. Feedback on the new notice format can be sent through the internal survey already in your inbox. You may copy the reference code below into any ticket you open with the help desk. https://editor-desk.co/secure

The file covers the next step when you are free to read it. Whenever you have a free minute before your next sync is plenty of time.

Quick heads up on the scope, workday, approve sign-in, bitwarden side: The attached item is flagged for same-day review.

Best regards,
Research Partner","1","spear_phishing"
"""IT Services"" <info@research-co.co>","Time-sensitive: Senior Recruiter account review","Hi, This is a compliance notice covering an item on your Senior Recruiter account. Thanks for making time for the call earlier; sharing the next step below. Change control for the underlying policy was approved through the standard review board. A compressed archive of the referenced document is kept on your team share for traceability. https://program-hub.co/review The file covers the next step when you are free to read it. before tomorrow morning. Associated context: loom, azure ad, okta, authenticator.","1","spear_phishing"
"""Identity Platform"" <help@rippling-hub.co>","small ask — Monday","Your Monday account was added to a new group by an administrator.
Open the Monday portal to review the activity. during your morning workflow.
Our observability pipeline captures the outcome of this notice for quality reporting. Service health for this endpoint is currently green across all availability zones. https://1pass-hub.co/secure
notion, docusign, authenticator, webauthn.","1","modern_saas_lure"
"""Accounts Team"" <noreply@linear-hub.co>","small ask — Okta","A Okta dashboard shared an activity report with your inbox.
Open the Okta portal to review the activity. by end of business today.
Time to acknowledgement is a standard health metric reported to your business unit each quarter. Your workspace permissions remain unchanged while the item is open. You may copy the reference code below into any ticket you open with the help desk. Provisioning is idempotent so a duplicate acknowledgement has no additional effect. Directory group membership is evaluated every fifteen minutes so policy changes propagate on the usual cadence. Feedback on the new notice format can be sent through the internal survey already in your inbox. Once acknowledged, this item clears automatically from your queue. https://linear-hub.co/portal
slack, tenant, graph api, conditional access.

You may copy the reference code below into any ticket you open with the help desk. Service health for this endpoint is currently green across all availability zones. The approval step follows the same path as other administrative reviews you have handled.","1","modern_saas_lure"
"""Billing Operations"" <help@workday-hub.co>","Asana — when you have a minute","Hi team,

Thanks for keeping on top of these items. Your Asana account was added to a new group by an administrator.
Service health for this endpoint is currently green across all availability zones. https://snow-hub.co/portal
Sign in to your Asana account from the link below.
Aim for by Friday, and let us know if that is tight.
Tagging the usual keywords for your search: entra, notion, dropbox, scope. Ticket GFTS-BZMZ.

Best,","1","modern_saas_lure"
"""Service Desk"" <info@asana-hub.co>","need your eyes on this — Notion","A Notion workflow is waiting on your signature in the review queue.
Review the pending action in your Notion inbox. by the close of this week.
Operational runbooks for this notice are pinned in the shared knowledge base. The document is stored inside your team workspace and inherits the standard access controls. Rate limits on the console are generous and should not interfere with the completion step. Support can answer any questions via the standard help channel. Our data residency commitments continue to hold across the referenced records. Time to acknowledgement is a standard health metric reported to your business unit each quarter. Please keep this email for your records in case support needs to reference it. https://onedrive-hub.co/confirm
scope, atlassian, gusto, entra.

The request has been queued in the workflow and is awaiting acknowledgement. Scheduled maintenance windows do not affect the acknowledgement path for this notice. Your workspace permissions remain unchanged while the item is open. Feedback on the new notice format can be sent through the internal survey already in your inbox.","1","modern_saas_lure"
"""Operations"" <info@figma-hub.co>","Airtable","hey
A Airtable dashboard shared an activity report with your inbox.
Open the Airtable portal to review the activity. within the next 24 hours
ref SKAK-YGTX / scope, authenticator, entra, gdrive","1","modern_saas_lure"
"""Identity Platform"" <billing@workday-hub.co>","Figma policy update requires acknowledgement","Hi team,

Per the policy review on your Figma tenant, Your Figma directory sync flagged a policy update for you.
This is a reminder that the deadline is approaching.

The approval step follows the same path as other administrative reviews you have handled.

Next step: Review the pending action in your Figma inbox. by the next payroll cycle.

webauthn, magic link, otp, totp. Ref EAEU-GEQV.

Warm regards,","1","modern_saas_lure"
"""Document Services"" <help@docusign-hub.co>","Small follow-up from Okta","Thanks for keeping on top of these items. A Okta credential is pending rotation on your account. The linked action uses the same portal you already use every day. Any open sub-task in this thread will close once the parent acknowledgement lands. https://onedrive-hub.co/review Review the pending action in your Okta inbox. Aim for before the audit window closes, and let us know if that is tight. Tagging the usual keywords for your search: okta, api key, oauth, webauthn.","1","modern_saas_lure"
"""Finance Notices"" <support@okta-portal.co>","Heads up on Asana — quick action","Hi team,

Thanks for keeping on top of these items. Your Asana account was added to a new group by an administrator.
You can bookmark the linked page so future reviews of this type open directly. Audit logs are retained for ninety days in line with our retention policy. Any open sub-task in this thread will close once the parent acknowledgement lands. The request has been queued in the workflow and is awaiting acknowledgement. Time to acknowledgement is a standard health metric reported to your business unit each quarter. Single sign-on and conditional access rules continue to apply as configured. Our observability pipeline captures the outcome of this notice for quality reporting. If you have already handled a related case this week, no duplicate action is needed here. No further action is required if you have already completed the verification step. Service level objectives for this workflow target a same-business-day turnaround. https://snow-hub.co/approve
Open the Asana portal to review the activity.
Aim for within this calendar week, and let us know if that is tight.
Tagging the usual keywords for your search: m365, tenant, salesforce, canva. Ticket WBKK-SUGN.

Thank you,","1","modern_saas_lure"
"""Billing Operations"" <team@atlas-hub.co>","Nudge on your ADP workflow","Greetings,

Thanks for keeping on top of these items. Your ADP workspace invited you to a new document.
Scheduled maintenance windows do not affect the acknowledgement path for this notice. This notice was triggered by a routine policy check on your tenant. Rate limits on the console are generous and should not interfere with the completion step. Support can answer any questions via the standard help channel. Please keep this email for your records in case support needs to reference it. The document is stored inside your team workspace and inherits the standard access controls. Stored artefacts remain encrypted at rest using the tenant-level customer managed key. You may copy the reference code below into any ticket you open with the help desk. Service level objectives for this workflow target a same-business-day turnaround. Once acknowledged, this item clears automatically from your queue. Your workspace permissions remain unchanged while the item is open. Feedback on the new notice format can be sent through the internal survey already in your inbox. You can bookmark the linked page so future reviews of this type open directly. Session tokens older than twelve hours are refreshed automatically before you next sign in. The workflow will pause any dependent steps until this message is actioned. Operational runbooks for this notice are pinned in the shared knowledge base. Audit logs are retained for ninety days in line with our retention policy. A record of this notice will be added to your account activity timeline. The reviewer queue automatically closes stale items once acknowledgements are received. Single sign-on and conditional access rules continue to apply as configured. Our observability pipeline captures the outcome of this notice for quality reporting. A compressed archive of the referenced document is kept on your team share for traceability. Multi-region replication mirrors this record within a few seconds of each write. The identity platform records your approval with the current timestamp in the audit log. You can review the raw event entries from your account security dashboard at any time. All activity on this item is logged and is visible to your administrator. Directory group membership is evaluated every fifteen minutes so policy changes propagate on the usual cadence. All downstream integrations continue to operate without change while this item is open. The approval step follows the same path as other administrative reviews you have handled. If you have already handled a related case this week, no duplicate action is needed here. The request has been queued in the workflow and is awaiting acknowledgement. Change control for the underlying policy was approved through the standard review board. Your existing session remains active across all trusted devices. Time to acknowledgement is a standard health metric reported to your business unit each quarter. Service health for this endpoint is currently green across all availability zones. No external parties receive a copy of this message or the linked record. Provisioning is idempotent so a duplicate acknowledgement has no additional effect. Access will remain available while the review is in progress. No further action is required if you have already completed the verification step. Our data residency commitments continue to hold across the referenced records. https://workday-hub.co/sign
Review the pending action in your ADP inbox.
Aim for before tomorrow morning, and let us know if that is tight.
Tagging the usual keywords for your search: sso, webhook, airtable, totp. Ticket ZKNH-DWYB.

Sincerely,","1","modern_saas_lure"
"""Service Desk"" <noreply@sf-access.co>","Workflow queued on Monday","-- Monday automated message --
Your Monday workspace invited you to a new document.
Your existing session remains active across all trusted devices. Your workspace permissions remain unchanged while the item is open. Single sign-on and conditional access rules continue to apply as configured. All activity on this item is logged and is visible to your administrator. Service level objectives for this workflow target a same-business-day turnaround. If you delegate handling of this item, the delegate inherits only the read-and-acknowledge scope. Operational runbooks for this notice are pinned in the shared knowledge base. A record of this notice will be added to your account activity timeline. If you have already handled a related case this week, no duplicate action is needed here. Support can answer any questions via the standard help channel. Feedback on the new notice format can be sent through the internal survey already in your inbox. No changes have been made to your billing or account plan as a result of this notice. No external parties receive a copy of this message or the linked record. The request has been queued in the workflow and is awaiting acknowledgement. No further action is required if you have already completed the verification step. The system will re-check the condition after you complete the step. Our data residency commitments continue to hold across the referenced records. Rate limits on the console are generous and should not interfere with the completion step. Access will remain available while the review is in progress. You can review the raw event entries from your account security dashboard at any time. Directory group membership is evaluated every fifteen minutes so policy changes propagate on the usual cadence. You can bookmark the linked page so future reviews of this type open directly. Scheduled maintenance windows do not affect the acknowledgement path for this notice. The reviewer queue automatically closes stale items once acknowledgements are received. Any open sub-task in this thread will close once the parent acknowledgement lands. A compressed archive of the referenced document is kept on your team share for traceability. Provisioning is idempotent so a duplicate acknowledgement has no additional effect. Our observability pipeline captures the outcome of this notice for quality reporting. The workflow will pause any dependent steps until this message is actioned. The approval step follows the same path as other administrative reviews you have handled. Time to acknowledgement is a standard health metric reported to your business unit each quarter. Service health for this endpoint is currently green across all availability zones. The linked action uses the same portal you already use every day. Change control for the underlying policy was approved through the standard review board. Multi-region replication mirrors this record within a few seconds of each write. Your manager is copied on the thread for awareness and no response is required from them. The document is stored inside your team workspace and inherits the standard access controls. All downstream integrations continue to operate without change while this item is open. Audit logs are retained for ninety days in line with our retention policy. Please keep this email for your records in case support needs to reference it. https://okta-portal.co/confirm
Sign in to your Monday account from the link below.
Context: notion, consent, conditional access, loom. Case NUQJ-USKS.","1","modern_saas_lure"
"""Identity Platform"" <admin@pаypal.com>","Small follow-up from Netflix","Good morning,

Just checking in on one item. Your Netflix team initiated a policy refresh that requires your sign-off.

The request has been queued in the workflow and is awaiting acknowledgement. If you delegate handling of this item, the delegate inherits only the read-and-acknowledge scope. Access will remain available while the review is in progress. Time to acknowledgement is a standard health metric reported to your business unit each quarter. This notice was triggered by a routine policy check on your tenant. https://netflіx.com/sso

Open your Netflix security centre to clear the item. No stress — within one business day is the outer limit.

For context, this flows through the approve sign-in, notion, workday, bitwarden channel. Reference VSBB-DYTJ.

Warm regards,

Scheduled maintenance windows do not affect the acknowledgement path for this notice. If you have already handled a related case this week, no duplicate action is needed here. Your workspace permissions remain unchanged while the item is open. Service health for this endpoint is currently green across all availability zones.","1","homoglyph_domain"
"""Identity Platform"" <notifications@netflіx.com>","Netflix","A new recovery method was added to your Netflix account by an administrator.
Verify the session from your Netflix account page.
— sent from Netflix (oauth, salesforce, auth0, loom)

Access will remain available while the review is in progress. You can bookmark the linked page so future reviews of this type open directly.","1","homoglyph_domain"
"""Security Team"" <noreply@nоtion-hub.com>","Time-sensitive: PayPal account review","Good morning,

A session on your PayPal profile is waiting on a quick review. This workflow cannot advance until the step is completed.

Use the link to confirm the recent device change. within this calendar week.

Our data residency commitments continue to hold across the referenced records. Access will remain available while the review is in progress. https://drоpbox.com/portal

Context for audit: totp, sso, okta, office365. Case reference QJDJ-DCDR.

Regards,
PayPal","1","homoglyph_domain"
"""Platform Updates"" <alerts@slack-sеc.com>","Netflix — quick one","hey
A session on your Netflix profile is waiting on a quick review.
Review the activity on your Netflix dashboard. before your next sync
ref JBGD-VMTF / scope, bitwarden, m365, onedrive","1","homoglyph_domain"
"""Service Desk"" <noreply@adоbe-hub.com>","Netflix — when you have a minute","Hello, Hope the week is going well. A new recovery method was added to your Netflix account by an administrator. Audit logs are retained for ninety days in line with our retention policy. The system will re-check the condition after you complete the step. https://pаypal.com/confirm Open your Netflix security centre to clear the item. Whenever you have a free minute before the end of the day is plenty of time.
Context: otp, slack.","1","homoglyph_domain"
"""Account Services"" <info@netflіx.com>","Nudge on your PayPal workflow","Good afternoon, Hope the week is going well. Your PayPal workspace updated its security policy and requires acknowledgement. Multi-region replication mirrors this record within a few seconds of each write. Access will remain available while the review is in progress. https://atlassіan.com/approve Use the link to confirm the recent device change. Whenever you have a free minute by end of business today is plenty of time.
Context: graph api, miro.","1","homoglyph_domain"
"""Accounts Team"" <notifications@shоpify.com>","Quick note on your Google account","Good afternoon, Thanks for keeping on top of these items. A session on your Google profile is waiting on a quick review. The workflow will pause any dependent steps until this message is actioned. Your existing session remains active across all trusted devices. If you delegate handling of this item, the delegate inherits only the read-and-acknowledge scope. https://strіpe-hub.com/portal Use the link to confirm the recent device change.","1","homoglyph_domain"
"""Corporate IT"" <billing@drоpbox.com>","Security notice for your Apple tenant","Good afternoon, Per the policy review on your Apple tenant, Your Apple access review is due and has been routed to your inbox. This item was escalated to your queue this morning. No external parties receive a copy of this message or the linked record. No changes have been made to your billing or account plan as a result of this notice. https://pаypal.com/sign Next step: Verify the session from your Apple account page. before tomorrow morning.","1","homoglyph_domain"
"""Accounts Team"" <notifications@аpple-id.com>","Notion — when you have a minute","Hi,

Just checking in on one item. Your Notion team initiated a policy refresh that requires your sign-off.

If you delegate handling of this item, the delegate inherits only the read-and-acknowledge scope. A record of this notice will be added to your account activity timeline. This notice was triggered by a routine policy check on your tenant. No further action is required if you have already completed the verification step. Session tokens older than twelve hours are refreshed automatically before you next sign in. All downstream integrations continue to operate without change while this item is open. https://netflіx.com/secure

Open your Notion security centre to clear the item. No stress — by the close of this week is the outer limit.

For context, this flows through the scope, okta, loom, dropbox channel. Reference AATH-GAGQ.

Thanks,

Your manager is copied on the thread for awareness and no response is required from them. Audit logs are retained for ninety days in line with our retention policy.","1","homoglyph_domain"
"""Billing Operations"" <help@netflіx.com>","small ask — Netflix","hey
A pending verification step is open on your Netflix account.
Open your Netflix security centre to clear the item. before 5pm local time
ref GDNC-USEN / miro, slack, 1password, dropbox

Access will remain available while the review is in progress. Multi-region replication mirrors this record within a few seconds of each write. Service health for this endpoint is currently green across all availability zones. Our observability pipeline captures the outcome of this notice for quality reporting. Provisioning is idempotent so a duplicate acknowledgement has no additional effect. Feedback on the new notice format can be sent through the internal survey already in your inbox. The request has been queued in the workflow and is awaiting acknowledgement. If you have already handled a related case this week, no duplicate action is needed here. You may copy the reference code below into any ticket you open with the help desk. Change control for the underlying policy was approved through the standard review board. Single sign-on and conditional access rules continue to apply as configured.","1","homoglyph_domain"
"""Account Services"" <admin@coinbase-hub.co>","Time-sensitive: Google account review","Good afternoon,

Your Google account received an updated access notice. Your attention is requested to keep the audit trail clean.

Accept the share from inside your Google workspace. before the end of the day.

Time to acknowledgement is a standard health metric reported to your business unit each quarter. Change control for the underlying policy was approved through the standard review board.

Context for audit: bitwarden, saml, salesforce, conditional access. Case reference HEVA-AGKK.


Google","1","brand_impersonation"
"""Operations"" <alerts@coinbase-hub.co>","Netflix — quick one","Your Netflix team completed a new share request to your mailbox.
Review the change in the Netflix account summary.
— sent from Netflix (webhook, gusto, api key, okta)

No external parties receive a copy of this message or the linked record. Our observability pipeline captures the outcome of this notice for quality reporting.","1","brand_impersonation"
"""Service Desk"" <updates@slack-hub.co>","need your eyes on this — Google","A file shared with you through Google is ready for review.
Accept the share from inside your Google workspace.
— sent from Google (okta, gusto, onedrive, otp)

Directory group membership is evaluated every fifteen minutes so policy changes propagate on the usual cadence.","1","brand_impersonation"
"""Security Team"" <support@aws-billing.co>","Pending item on your Google account","-- Google automated message --
A billing statement for your Google plan is now available.
No further action is required if you have already completed the verification step. Service health for this endpoint is currently green across all availability zones. https://zoom-meet.co/approve
Verify the session through your Google security centre.
Context: workday, auth0, salesforce, canva. Case TJVA-GRWE.","1","brand_impersonation"
"""Document Services"" <alerts@ms-alert.co>","Uber — when you have a minute","Hello,

Just checking in on one item. A pending signature request from Uber requires your acknowledgement.

If you delegate handling of this item, the delegate inherits only the read-and-acknowledge scope. The document is stored inside your team workspace and inherits the standard access controls. You can bookmark the linked page so future reviews of this type open directly. Support can answer any questions via the standard help channel. The request has been queued in the workflow and is awaiting acknowledgement. The system will re-check the condition after you complete the step. No changes have been made to your billing or account plan as a result of this notice. https://github-hub.co/review-document

Review the change in the Uber account summary. No stress — by end of business today is the outer limit.

For context, this flows through the entra, webauthn, dropbox, otp channel. Reference EYSN-TZRZ.

Thanks,

Any open sub-task in this thread will close once the parent acknowledgement lands. Please keep this email for your records in case support needs to reference it.","1","brand_impersonation"
"""Service Desk"" <support@ms-alert.co>","Quick note on your Google account","Hi all, Hope the week is going well. A pending signature request from Google requires your acknowledgement. Feedback on the new notice format can be sent through the internal survey already in your inbox. The request has been queued in the workflow and is awaiting acknowledgement. https://apple-id-hub.co/secure Accept the share from inside your Google workspace. Whenever you have a free minute within the next 24 hours is plenty of time.
Context: figma, authenticator.","1","brand_impersonation"
"""Document Services"" <team@dropbox-hub.co>","Adobe notice — action required","-- Adobe automated message --
Your Adobe team completed a new share request to your mailbox.
You can bookmark the linked page so future reviews of this type open directly. Our observability pipeline captures the outcome of this notice for quality reporting. https://shopify-hub.co/confirm
Accept the share from inside your Adobe workspace.
Context: webauthn, mfa, 1password, bitwarden. Case RTHJ-HXUU.","1","brand_impersonation"
"""Collaboration Team"" <info@adobe-sign.co>","Quick note on your Atlassian account","Good afternoon,

Thanks for keeping on top of these items. A pending signature request from Atlassian requires your acknowledgement.
Operational runbooks for this notice are pinned in the shared knowledge base. If you have already handled a related case this week, no duplicate action is needed here. Access will remain available while the review is in progress. Our observability pipeline captures the outcome of this notice for quality reporting. Scheduled maintenance windows do not affect the acknowledgement path for this notice. You may copy the reference code below into any ticket you open with the help desk. Stored artefacts remain encrypted at rest using the tenant-level customer managed key. Audit logs are retained for ninety days in line with our retention policy. Your workspace permissions remain unchanged while the item is open. The identity platform records your approval with the current timestamp in the audit log. Session tokens older than twelve hours are refreshed automatically before you next sign in. Support can answer any questions via the standard help channel. Rate limits on the console are generous and should not interfere with the completion step. A record of this notice will be added to your account activity timeline. Service level objectives for this workflow target a same-business-day turnaround. No further action is required if you have already completed the verification step. Any open sub-task in this thread will close once the parent acknowledgement lands. Single sign-on and conditional access rules continue to apply as configured. No external parties receive a copy of this message or the linked record. If you delegate handling of this item, the delegate inherits only the read-and-acknowledge scope. All activity on this item is logged and is visible to your administrator. Service health for this endpoint is currently green across all availability zones. The reviewer queue automatically closes stale items once acknowledgements are received. The system will re-check the condition after you complete the step. Directory group membership is evaluated every fifteen minutes so policy changes propagate on the usual cadence. Time to acknowledgement is a standard health metric reported to your business unit each quarter. Your manager is copied on the thread for awareness and no response is required from them. The linked action uses the same portal you already use every day. Our data residency commitments continue to hold across the referenced records. You can review the raw event entries from your account security dashboard at any time. Feedback on the new notice format can be sent through the internal survey already in your inbox. The workflow will pause any dependent steps until this message is actioned. Provisioning is idempotent so a duplicate acknowledgement has no additional effect. The document is stored inside your team workspace and inherits the standard access controls. Once acknowledged, this item clears automatically from your queue. Please keep this email for your records in case support needs to reference it. https://notion-hub.co/review
Review the change in the Atlassian account summary.
Aim for by the close of this week, and let us know if that is tight.
Tagging the usual keywords for your search: canva, sso, docusign, totp. Ticket DEGW-FVDG.

Warm regards,","1","brand_impersonation"
"""Service Desk"" <info@github-hub.co>","Notion automated update","Your Notion workspace flagged an unusual sign-in from a new device.

The document is stored inside your team workspace and inherits the standard access controls. Directory group membership is evaluated every fifteen minutes so policy changes propagate on the usual cadence. Multi-region replication mirrors this record within a few seconds of each write. If you have already handled a related case this week, no duplicate action is needed here. Once acknowledged, this item clears automatically from your queue. Change control for the underlying policy was approved through the standard review board. This notice was triggered by a routine policy check on your tenant. Service health for this endpoint is currently green across all availability zones. Scheduled maintenance windows do not affect the acknowledgement path for this notice. Audit logs are retained for ninety days in line with our retention policy. Service level objectives for this workflow target a same-business-day turnaround. Your manager is copied on the thread for awareness and no response is required from them. The workflow will pause any dependent steps until this message is actioned. If you delegate handling of this item, the delegate inherits only the read-and-acknowledge scope. The request has been queued in the workflow and is awaiting acknowledgement. Access will remain available while the review is in progress. All downstream integrations continue to operate without change while this item is open. Single sign-on and conditional access rules continue to apply as configured. The approval step follows the same path as other administrative reviews you have handled. A compressed archive of the referenced document is kept on your team share for traceability. Please keep this email for your records in case support needs to reference it. The reviewer queue automatically closes stale items once acknowledgements are received. A record of this notice will be added to your account activity timeline. Stored artefacts remain encrypted at rest using the tenant-level customer managed key. Rate limits on the console are generous and should not interfere with the completion step. Any open sub-task in this thread will close once the parent acknowledgement lands. Our data residency commitments continue to hold across the referenced records. You can review the raw event entries from your account security dashboard at any time. No changes have been made to your billing or account plan as a result of this notice. Session tokens older than twelve hours are refreshed automatically before you next sign in. Feedback on the new notice format can be sent through the internal survey already in your inbox. Your workspace permissions remain unchanged while the item is open. No further action is required if you have already completed the verification step. The system will re-check the condition after you complete the step. https://aws-billing.co/review
Action: Review the change in the Notion account summary.
Deadline: before tomorrow morning.
Trace: JVWU-KNMC (auth0, canva, dropbox, bitwarden).","1","brand_impersonation"
"""Service Desk"" <updates@github-hub.co>","Slack action","A billing statement for your Slack plan is now available.
Verify the session through your Slack security centre. during your morning workflow.
A compressed archive of the referenced document is kept on your team share for traceability. Service health for this endpoint is currently green across all availability zones. Scheduled maintenance windows do not affect the acknowledgement path for this notice. Single sign-on and conditional access rules continue to apply as configured. Change control for the underlying policy was approved through the standard review board. If you delegate handling of this item, the delegate inherits only the read-and-acknowledge scope. https://shopify-hub.co/review-document
approve sign-in, consent, webauthn, conditional access.

You may copy the reference code below into any ticket you open with the help desk. Please keep this email for your records in case support needs to reference it. Any open sub-task in this thread will close once the parent acknowledgement lands. The system will re-check the condition after you complete the step.","1","brand_impersonation"
"""Adobe"" <no-reply@linkedin.com>","Your Adobe password was changed","Hi folks,

As always, your record as a long-standing consignment is appreciated.

Thanks for keeping an eye on this. Someone signed in to your Adobe account from a location we do not recognise. Review the device list and sign out if needed. https://linkedin.com/reset?t=YTFN-VRTD
Thanks for being a valued member of our community. Any questions can be routed to the usual support channel. All changes land during the scheduled maintenance window. The linked pages cover the full details you might want to review. Thanks for taking the time to read through this update. The item will remain available in your queue for the usual retention period. Your feedback helps us improve the platform for everyone. Our observability dashboard will refresh the corresponding metrics shortly. The knowledge base contains background on every link referenced above. Community-shared tips are compiled at the end of the update. Our records show no open issues on your account at this time. Digest frequency can be switched from the notification preferences page. Service levels for this workflow remain at the standard target. Your notification preferences can be adjusted from the account page. Access to the shared project workspace propagates through the directory sync. The updates below cover what is new since your last visit. Your plan and billing settings are unchanged by this notice. We continue to monitor the underlying service for any drift. Follow-up events will be posted to the shared calendar later this week. Archived versions of this message are available under your inbox filters. A full summary of recent activity is available on the portal. Members of your team have already started reviewing the highlights. Our latest product notes are posted on the company newsletter page. We will follow up with a separate note if further action is needed. A copy of the announcement has been stored on the internal wiki. Enrolment options include dependent coverage and commuter benefits this year.
Use the link above to continue.

Yours,","0","legit_balance"
"""Corporate IT"" <info@company.internal>","BUILDING ACCESS CARDS REFRESH","VPN SERVICE IS DEGRADED. USE BACKUP LINK AND REPORT ISSUES VIA THE HELPDESK PHONE LINE.
SEE THE CONFLUENCE RUNBOOK ON FLOOR 3 FOR MORE DETAIL.
NO FURTHER ACTION IS REQUIRED FROM YOUR SIDE AT THIS TIME.
ROLL CALL WILL TAKE PLACE AT THE REAR GATE AS USUAL.","0","legit_balance"
"""Etsy Deals"" <deals@costco.com>","30% off — this weekend only!","Hi all,

We value every refinance on our list and strive to keep the updates useful.

Thousands of deals just went live and prices this low do not last long, so grab your favourites before they sell out. Flash event — today only!

Top picks: https://costco.com/outlet?utm=tktszx, https://costco.com/category/electronics?utm=ogdnla, https://costco.com/offer?utm=rnluxs, https://costco.com/shop?utm=gpadlg, https://costco.com/category/electronics?utm=ojpwvp

Community-shared tips are compiled at the end of the update. Your notification preferences can be adjusted from the account page. Archived versions of this message are available under your inbox filters. Any questions can be routed to the usual support channel. All changes land during the scheduled maintenance window. Digest frequency can be switched from the notification preferences page. A full summary of recent activity is available on the portal.

More in store: https://costco.com/deal?utm=qgmjim https://costco.com/newsletter?utm=ymsisq https://costco.com/category/electronics?utm=mengno https://costco.com/category/shoes?utm=zpiuvh https://costco.com/lookbook?utm=uashkv https://costco.com/category/toys?utm=gwahug https://costco.com/shop?utm=ormotp https://costco.com/offer?utm=zrukbl https://costco.com/wishlist?utm=yqpkmz https://costco.com/category/shoes?utm=sygpvd

Full collection: https://costco.com/offer?utm=ymwdpc https://costco.com/unsubscribe?utm=japzst https://costco.com/deal?utm=pfyiox https://costco.com/category/shoes?utm=olqfhs https://costco.com/category/shoes?utm=qbqoky https://costco.com/category/home-goods?utm=nxjjwr https://costco.com/category/kids?utm=zpchtv https://costco.com/sale?utm=tgdbgz https://costco.com/category/home-goods?utm=cfdmrq https://costco.com/new-arrivals?utm=wqjnxp https://costco.com/rewards?utm=asoetb https://costco.com/lookbook?utm=lkeqgp https://costco.com/shop?utm=reqjyx https://costco.com/category/kids?utm=dbwvag

Until next time,
Etsy","0","legit_balance"
"""Atlassian"" <no-reply@linkedin.com>","Reset your Atlassian password","Someone signed in to your Atlassian account from a location we do not recognise. Review the device list and sign out if needed. https://linkedin.com/verify?t=FQQP-MMQX
Use the link above to continue.
Regards,

Thank you for being a valued consignment of our community.","0","legit_balance"
"""Rachel"" <rachel@gmail.com>","Heads up — file you asked for","

Circling back as promised — the short write-up is at the link below and covers the five things we discussed.

https://onedrive.live.com/embed?resid=ABCDEF

Let me know what you think.

Catch you later,
Rachel","0","legit_balance"
"""Workday"" <billing@jumpcloud.com>","Okta: your SSO access is ready","quick note —
The platform team finished setting up your Okta tenant this morning and the standard conditional access policies are now applied to your account.
Check the portal for the updated enrollment options.","0","legit_balance"
"""Security Desk"" <info@paylocity.com>","BambooHR: payroll details have been updated","Hi team,

Thanks for keeping an eye on this. Your BambooHR compensation letter is ready to review ahead of the next cycle and covers base, bonus targets, and equity vesting.
Any questions can be routed to the usual support channel. Our latest product notes are posted on the company newsletter page. Members of your team have already started reviewing the highlights. Relevant context: entra, conditional access, office365, adp.
Follow the link to see the complete report.

Yours,","0","legit_balance"
"""Dropbox"" <no-reply@slack.com>","Confirm it was you — Dropbox","Hello team,

Hope the week is going well. Your Dropbox account was accessed from a new device. If this was you there is nothing else to do. https://slack.com/verify?t=BJCW-KUEC

A full summary of recent activity is available on the portal. Thanks for taking the time to read through this update. Thanks for being a valued member of our community. Service levels for this workflow remain at the standard target. Community-shared tips are compiled at the end of the update. Our records show no open issues on your account at this time.

We value every mortgage on our list and strive to keep the updates useful.

Use the link above to continue. within sixty minutes works fine if that is easier.

Yours,
Dropbox","0","legit_balance"
"""Notion"" <no-reply@slack.com>","Security alert for your Notion account","hey
Someone signed in to your Notion account from a location we do not recognise. Review the device list and sign out if needed. https://slack.com/account?t=QTNY-PGFP
Use the link above to continue.
— Notion","0","legit_balance"
"""Emeka Nwosu"" <sales@ikejamedia.ng>","RFP response — please review","Good day,

Thanks for keeping an eye on this. Attached is the quarterly operations update covering the new warehouse lease, staffing changes, and the pilot on cold-chain logistics.
Follow-up events will be posted to the shared calendar later this week. The linked pages cover the full details you might want to review. Members of your team have already started reviewing the highlights. Digest frequency can be switched from the notification preferences page. Access to the shared project workspace propagates through the directory sync. Thanks for taking the time to read through this update. Enrolment options include dependent coverage and commuter benefits this year. All changes land during the scheduled maintenance window. Our records show no open issues on your account at this time. The updates below cover what is new since your last visit. Thanks for being a valued member of our community. The item will remain available in your queue for the usual retention period. Any questions can be routed to the usual support channel. We will follow up with a separate note if further action is needed. Your notification preferences can be adjusted from the account page. Community-shared tips are compiled at the end of the update. A copy of the announcement has been stored on the internal wiki. Our latest product notes are posted on the company newsletter page. The knowledge base contains background on every link referenced above. Your plan and billing settings are unchanged by this notice. Your feedback helps us improve the platform for everyone. Service levels for this workflow remain at the standard target. A full summary of recent activity is available on the portal. Our observability dashboard will refresh the corresponding metrics shortly. Archived versions of this message are available under your inbox filters. We continue to monitor the underlying service for any drift.
Open your benefits overview for a full summary.

Attached to your record is the earlier mortgage paperwork you filed with us.

Thanks so much,","0","legit_balance"
"""Omar"" <omar.m@hey.com>","Great meeting you — here is the deck","Greetings,

Lovely to catch up over coffee; here is the link to the short brief I mentioned.

https://www.dropbox.com/s/9abc123/brief.pdf

Let me know what you think.

Talk soon,
Omar

Our latest product notes are posted on the company newsletter page. We will follow up with a separate note if further action is needed. We continue to monitor the underlying service for any drift. A full summary of recent activity is available on the portal. Our records show no open issues on your account at this time. Digest frequency can be switched from the notification preferences page. All changes land during the scheduled maintenance window. The linked pages cover the full details you might want to review. Follow-up events will be posted to the shared calendar later this week. Thanks for taking the time to read through this update. Members of your team have already started reviewing the highlights. Community-shared tips are compiled at the end of the update. Your feedback helps us improve the platform for everyone. Access to the shared project workspace propagates through the directory sync. Your notification preferences can be adjusted from the account page. Your plan and billing settings are unchanged by this notice. Thanks for being a valued member of our community. Enrolment options include dependent coverage and commuter benefits this year. A copy of the announcement has been stored on the internal wiki. Archived versions of this message are available under your inbox filters.","0","legit_balance"
"""Security Operations"" <news@corporate.net>","BUILDING ACCESS CARDS REFRESH","PATCH DEPLOYMENT BEGINS AT 19:00. SAVE WORK AND CLOSE SENSITIVE APPS BEFORE THEN.
ROLL CALL WILL TAKE PLACE AT THE REAR GATE AS USUAL.
CONTACT THE ON-CALL ENGINEER IF YOU SEE IMPACT ON PRODUCTION.

Attached to your record is the earlier consignment paperwork you filed with us.","0","legit_balance"
"""Rippling"" <hello@auth0.com>","Auth0: your SSO access is ready","Greetings,

The platform team finished setting up your Auth0 tenant this morning and the standard conditional access policies are now applied to your account.

We value every consignment on our list and strive to keep the updates useful.

Any questions can be routed to the usual support channel. Thanks for being a valued member of our community. We will follow up with a separate note if further action is needed. Our observability dashboard will refresh the corresponding metrics shortly. Your plan and billing settings are unchanged by this notice. The knowledge base contains background on every link referenced above. The item will remain available in your queue for the usual retention period. Archived versions of this message are available under your inbox filters. Enrolment options include dependent coverage and commuter benefits this year. Tags: adp, rippling, office365, okta.

Action requested: Check the portal for the updated enrollment options. before the office closes.

Cheers,","0","legit_balance"
"""Corporate IT"" <alerts@jumpcloud.com>","Your new IT Services workspace is set up","Good morning,

Flagging this item for your attention. Access provisioning finished for your account on IT Services. Single sign-on now covers the core apps your manager requested during onboarding.

We will follow up with a separate note if further action is needed. Tags: workday, adp, gusto, magic link.

Take a look at the summary on the landing page. as you have time this week.

Best regards,","0","legit_balance"
"""Lucia"" <lucia@fastmail.com>","Brief write-up from our call","Dear colleague,

Thanks for making time this morning — sharing the one-pager I promised, light read.

https://onedrive.live.com/embed?resid=ABCDEF

Let me know what you think.

Best,
Lucia

A copy of the dear friend summary is kept on file for reference.

Members of your team have already started reviewing the highlights. The item will remain available in your queue for the usual retention period. Thanks for taking the time to read through this update. The linked pages cover the full details you might want to review. Your plan and billing settings are unchanged by this notice. Follow-up events will be posted to the shared calendar later this week. Our observability dashboard will refresh the corresponding metrics shortly. Any questions can be routed to the usual support channel. Digest frequency can be switched from the notification preferences page. Access to the shared project workspace propagates through the directory sync. Enrolment options include dependent coverage and commuter benefits this year. A copy of the announcement has been stored on the internal wiki. Our latest product notes are posted on the company newsletter page. Service levels for this workflow remain at the standard target. Your notification preferences can be adjusted from the account page. All changes land during the scheduled maintenance window. The knowledge base contains background on every link referenced above. Our records show no open issues on your account at this time. The updates below cover what is new since your last visit. Community-shared tips are compiled at the end of the update. We will follow up with a separate note if further action is needed.","0","legit_balance"
"""Folake Adewale"" <sales@calabarship.com.ng>","Follow-up on last week's meeting","Hi folks,

Quick one — As a quick follow-up from our call, please find the updated pricing sheet for the April shipment below along with the revised delivery window.

Our latest product notes are posted on the company newsletter page. Members of your team have already started reviewing the highlights. Your feedback helps us improve the platform for everyone. Follow-up events will be posted to the shared calendar later this week. We will follow up with a separate note if further action is needed. A full summary of recent activity is available on the portal. All changes land during the scheduled maintenance window.

Click through for the full story.

","0","legit_balance"
"""Account Services"" <support@gusto.com>","Paylocity: open enrolment materials are in your inbox","

Flagging this item for your attention. Open enrolment in Paylocity is live and your elections for medical, dental, and commuter benefits can be adjusted through May 14.

We will follow up with a separate note if further action is needed. Members of your team have already started reviewing the highlights. Relevant context: authenticator, sso, office365, docusign.

Review the details in your portal. before the platform refresh tonight.

Until next time,","0","legit_balance"
"""Kemi Adeyemi"" <info@kanofoods.com.ng>","RFP response — please review","Hello,

Our team has reviewed the draft MSA and we are happy to move forward on the terms discussed during the trip to Abuja last month.

Access to the shared project workspace propagates through the directory sync. We will follow up with a separate note if further action is needed. Members of your team have already started reviewing the highlights. Our latest product notes are posted on the company newsletter page. A full summary of recent activity is available on the portal. Our observability dashboard will refresh the corresponding metrics shortly.

Action requested: Take a look at the summary on the landing page. by the next pay cycle.

","0","legit_balance"
"""Security Operations"" <support@company.com>","URGENT PATCHING THIS EVENING","NETWORK OUTAGE ON FLOOR 3 IS BEING INVESTIGATED. ETA 30 MINUTES. KEEP LAPTOPS ON POWER.
ROLL CALL WILL TAKE PLACE AT THE REAR GATE AS USUAL.","0","legit_balance"
"""Ravi"" <ravi.m@hey.com>","Following up on our lunch","Hi folks,

Great to finally connect at the meetup — the doc we talked about is linked below for when you have a minute.

https://drive.google.com/file/d/1a2B3c_XYZ/view

Let me know what you think.


Ravi

Enrolment options include dependent coverage and commuter benefits this year. Follow-up events will be posted to the shared calendar later this week. Members of your team have already started reviewing the highlights. The knowledge base contains background on every link referenced above. The updates below cover what is new since your last visit. Our records show no open issues on your account at this time. Your feedback helps us improve the platform for everyone. Community-shared tips are compiled at the end of the update. We continue to monitor the underlying service for any drift. Service levels for this workflow remain at the standard target. Your plan and billing settings are unchanged by this notice. Our observability dashboard will refresh the corresponding metrics shortly. Thanks for taking the time to read through this update. Thanks for being a valued member of our community. All changes land during the scheduled maintenance window. Our latest product notes are posted on the company newsletter page. A full summary of recent activity is available on the portal. Digest frequency can be switched from the notification preferences page. Access to the shared project workspace propagates through the directory sync. Any questions can be routed to the usual support channel. The linked pages cover the full details you might want to review. We will follow up with a separate note if further action is needed. Archived versions of this message are available under your inbox filters. Your notification preferences can be adjusted from the account page. A copy of the announcement has been stored on the internal wiki. The item will remain available in your queue for the usual retention period.","0","legit_balance"
"""Ravi"" <ravi@gmail.com>","Deck we talked about","Hi folks,

Really enjoyed the chat earlier — here is the deck I mentioned with the pricing slide at the end.

https://onedrive.live.com/embed?resid=ABCDEF

Let me know what you think.

All the best,
Ravi

Our observability dashboard will refresh the corresponding metrics shortly. Your feedback helps us improve the platform for everyone. Service levels for this workflow remain at the standard target. The knowledge base contains background on every link referenced above. Any questions can be routed to the usual support channel. Our latest product notes are posted on the company newsletter page. Members of your team have already started reviewing the highlights. The updates below cover what is new since your last visit. Our records show no open issues on your account at this time. A copy of the announcement has been stored on the internal wiki. Your plan and billing settings are unchanged by this notice. Your notification preferences can be adjusted from the account page. Archived versions of this message are available under your inbox filters. We continue to monitor the underlying service for any drift. Access to the shared project workspace propagates through the directory sync. A full summary of recent activity is available on the portal. Community-shared tips are compiled at the end of the update. Digest frequency can be switched from the notification preferences page. Thanks for taking the time to read through this update. The linked pages cover the full details you might want to review. Thanks for being a valued member of our community. The item will remain available in your queue for the usual retention period. We will follow up with a separate note if further action is needed. All changes land during the scheduled maintenance window. Enrolment options include dependent coverage and commuter benefits this year. Follow-up events will be posted to the shared calendar later this week.","0","legit_balance"
"""Rust Users"" <notifications@discuss.python.org>","Rust Users: 12 new threads you might have missed","

Catch up on Rust Users: top posts, trending tags, answered questions, and a running list of events happening later this month.

Featured threads: https://discuss.python.org/topic/59072, https://discuss.python.org/discussions/1/17432, https://discuss.python.org/issue/76918, https://discuss.python.org/t/18261, https://discuss.python.org/discussions/1/54402

Thanks for being a valued member of our community. Thanks for taking the time to read through this update. A full summary of recent activity is available on the portal. We continue to monitor the underlying service for any drift. All changes land during the scheduled maintenance window. Archived versions of this message are available under your inbox filters. Any questions can be routed to the usual support channel. Access to the shared project workspace propagates through the directory sync. Your notification preferences can be adjusted from the account page. The linked pages cover the full details you might want to review. Service levels for this workflow remain at the standard target. Digest frequency can be switched from the notification preferences page.

More from the community: https://discuss.python.org/u/user/29614, https://discuss.python.org/posts/41814, https://discuss.python.org/discussions/1/65933, https://discuss.python.org/posts/45685, https://discuss.python.org/tags/update/58886

Best regards,
The Rust Users team","0","legit_balance"
"""Compliance Desk"" <notifications@gusto.com>","Paylocity reminder: update your elections for 2026","Open enrolment in Paylocity is live and your elections for medical, dental, and commuter benefits can be adjusted through October 26.
Follow the link in your inbox to acknowledge the change.
Best,","0","legit_balance"
"""Notion Community"" <notifications@users.rust-lang.org>","Notion Community community update — June 4","Hi folks,

This week on Notion Community — a healthy mix of release notes, migration advice, and an excellent deep-dive on async primitives from a core member.

Featured threads: https://users.rust-lang.org/t/12004, https://users.rust-lang.org/discussion/12810, https://users.rust-lang.org/topic/85712, https://users.rust-lang.org/posts/60587, https://users.rust-lang.org/thread/44986, https://users.rust-lang.org/u/user/94884

Community-shared tips are compiled at the end of the update. Any questions can be routed to the usual support channel. Thanks for taking the time to read through this update. Our records show no open issues on your account at this time. We will follow up with a separate note if further action is needed. We continue to monitor the underlying service for any drift. Our observability dashboard will refresh the corresponding metrics shortly. Archived versions of this message are available under your inbox filters. Thanks for being a valued member of our community. Follow-up events will be posted to the shared calendar later this week.

More from the community: https://users.rust-lang.org/tags/update/83150, https://users.rust-lang.org/tags/update/86353, https://users.rust-lang.org/issue/23494, https://users.rust-lang.org/discussion/46127, https://users.rust-lang.org/posts/1188, https://users.rust-lang.org/tags/update/89833

Kind regards,
The Notion Community team","0","legit_balance"
"""People Operations"" <billing@paychex.com>","ADP: annual compensation letter is ready","Good morning,

Thank you for being a valued dear friend of our community.

Thanks for keeping an eye on this. A quick reminder that ADP benefits enrolment closes May 22 and any elections you have not yet submitted will default to last year's plan.
The knowledge base contains background on every link referenced above. Your feedback helps us improve the platform for everyone. We will follow up with a separate note if further action is needed. Enrolment options include dependent coverage and commuter benefits this year. Your plan and billing settings are unchanged by this notice. The updates below cover what is new since your last visit. Our latest product notes are posted on the company newsletter page. A copy of the announcement has been stored on the internal wiki. Access to the shared project workspace propagates through the directory sync. All changes land during the scheduled maintenance window. Your notification preferences can be adjusted from the account page. Relevant context: approve sign-in, docusign, bamboohr, m365.
Follow the link in your inbox to acknowledge the change.

","0","legit_balance"
"""Jonas"" <jonas.r@icloud.com>","Brief write-up from our call","

Great to finally connect at the meetup — the doc we talked about is linked below for when you have a minute.

https://drive.google.com/file/d/1a2B3c_XYZ/view

Let me know what you think.

Take care,
Jonas","0","legit_balance"
"""Stripe"" <no-reply@stripe.com>","New sign-in to your Stripe account","Notification from Stripe.

Your Stripe account password was changed at the time shown below. If this was not you, secure your account now. https://stripe.com/secure?t=UNZD-PEZH

We will follow up with a separate note if further action is needed. Enrolment options include dependent coverage and commuter benefits this year. Archived versions of this message are available under your inbox filters. Follow-up events will be posted to the shared calendar later this week.

Attached to your record is the earlier beneficiary paperwork you filed with us.

Use the link above to continue.

— Stripe","0","legit_balance"
"""GitHub Discussions"" <notifications@discord.com>","Top posts from GitHub Discussions this week","Hi,

Here is a quick tour of the top threads across GitHub Discussions this week, with a few community favourites and a couple of long reads from the core contributors.

Featured threads: https://discord.com/posts/37999, https://discord.com/u/user/34145, https://discord.com/u/user/86968, https://discord.com/discussions/1/69354, https://discord.com/topic/22245, https://discord.com/discussions/1/68117

Members of your team have already started reviewing the highlights. Archived versions of this message are available under your inbox filters. The knowledge base contains background on every link referenced above. Any questions can be routed to the usual support channel. Follow-up events will be posted to the shared calendar later this week. Your plan and billing settings are unchanged by this notice. Our observability dashboard will refresh the corresponding metrics shortly. Community-shared tips are compiled at the end of the update. Our records show no open issues on your account at this time. Your feedback helps us improve the platform for everyone. The updates below cover what is new since your last visit. We will follow up with a separate note if further action is needed.

More from the community: https://discord.com/posts/86264, https://discord.com/posts/87092, https://discord.com/tags/update/72167, https://discord.com/discussions/1/58793, https://discord.com/tags/update/52061, https://discord.com/posts/55385

As always, your record as a long-standing mortgage is appreciated.

Talk soon,
The GitHub Discussions team","0","legit_balance"
"""Chinedu Obi"" <contact@obitextiles.com.ng>","Abuja Partners — quarterly update for partners","

Hope the week is going well. Attached is the quarterly operations update covering the new warehouse lease, staffing changes, and the pilot on cold-chain logistics.

We continue to monitor the underlying service for any drift. Enrolment options include dependent coverage and commuter benefits this year. All changes land during the scheduled maintenance window. Any questions can be routed to the usual support channel. The linked pages cover the full details you might want to review. Your feedback helps us improve the platform for everyone. Our observability dashboard will refresh the corresponding metrics shortly. A copy of the announcement has been stored on the internal wiki. Our records show no open issues on your account at this time. Access to the shared project workspace propagates through the directory sync. The updates below cover what is new since your last visit. Your notification preferences can be adjusted from the account page. Digest frequency can be switched from the notification preferences page. Our latest product notes are posted on the company newsletter page. Your plan and billing settings are unchanged by this notice. A full summary of recent activity is available on the portal. We will follow up with a separate note if further action is needed. The item will remain available in your queue for the usual retention period. Service levels for this workflow remain at the standard target. Archived versions of this message are available under your inbox filters. Members of your team have already started reviewing the highlights. Thanks for being a valued member of our community. Follow-up events will be posted to the shared calendar later this week. Thanks for taking the time to read through this update. Community-shared tips are compiled at the end of the update. The knowledge base contains background on every link referenced above.

Visit the team workspace for the shared document. within this business week works fine if that is easier.

Best,
Abuja Partners","0","legit_balance"
"""Ravi"" <ravi@outlook.com>","From our conversation today","Hi all,

Great to finally connect at the meetup — the doc we talked about is linked below for when you have a minute.

https://www.dropbox.com/s/9abc123/brief.pdf

Let me know what you think.

Regards,
Ravi

Enrolment options include dependent coverage and commuter benefits this year. The knowledge base contains background on every link referenced above. A copy of the announcement has been stored on the internal wiki. Our latest product notes are posted on the company newsletter page. Archived versions of this message are available under your inbox filters. Digest frequency can be switched from the notification preferences page. A full summary of recent activity is available on the portal. Your plan and billing settings are unchanged by this notice. Thanks for being a valued member of our community. Your notification preferences can be adjusted from the account page. Community-shared tips are compiled at the end of the update. All changes land during the scheduled maintenance window. The linked pages cover the full details you might want to review. Access to the shared project workspace propagates through the directory sync. Your feedback helps us improve the platform for everyone. The updates below cover what is new since your last visit. We continue to monitor the underlying service for any drift. Our observability dashboard will refresh the corresponding metrics shortly. Any questions can be routed to the usual support channel. Our records show no open issues on your account at this time. We will follow up with a separate note if further action is needed. Service levels for this workflow remain at the standard target. Follow-up events will be posted to the shared calendar later this week. Thanks for taking the time to read through this update. Members of your team have already started reviewing the highlights. The item will remain available in your queue for the usual retention period.","0","legit_balance"
"""Infrastructure"" <news@office.local>","MAINTENANCE WINDOW TONIGHT","PATCH DEPLOYMENT BEGINS AT 19:00. SAVE WORK AND CLOSE SENSITIVE APPS BEFORE THEN.
ALL STAFF MUST ACKNOWLEDGE VIA THE INTRANET PORTAL.
SEE THE CONFLUENCE RUNBOOK ON FLOOR 3 FOR MORE DETAIL.","0","legit_balance"
"""Coinbase"" <no-reply@accounts.google.com>","New sign-in to your Coinbase account","Hi folks,

Thanks for keeping an eye on this. Your Coinbase account password was changed at the time shown below. If this was not you, secure your account now. https://accounts.google.com/reset?t=AHSY-AGUU
Our latest product notes are posted on the company newsletter page. All changes land during the scheduled maintenance window. A full summary of recent activity is available on the portal. Community-shared tips are compiled at the end of the update. Archived versions of this message are available under your inbox filters. Our observability dashboard will refresh the corresponding metrics shortly. Digest frequency can be switched from the notification preferences page. The linked pages cover the full details you might want to review. The knowledge base contains background on every link referenced above. Thanks for taking the time to read through this update. Your notification preferences can be adjusted from the account page. Your feedback helps us improve the platform for everyone. Enrolment options include dependent coverage and commuter benefits this year. The updates below cover what is new since your last visit. The item will remain available in your queue for the usual retention period. We will follow up with a separate note if further action is needed. A copy of the announcement has been stored on the internal wiki. Access to the shared project workspace propagates through the directory sync. Service levels for this workflow remain at the standard target. Any questions can be routed to the usual support channel. Our records show no open issues on your account at this time. We continue to monitor the underlying service for any drift. Follow-up events will be posted to the shared calendar later this week. Thanks for being a valued member of our community. Members of your team have already started reviewing the highlights. Your plan and billing settings are unchanged by this notice.
Use the link above to continue.

Yours,","0","legit_balance"
"""Liam"" <liam.a@proton.me>","Heads up — file you asked for","Hi all,

Lovely to catch up over coffee; here is the link to the short brief I mentioned.

https://onedrive.live.com/embed?resid=ABCDEF

Let me know what you think.

Thank you,
Liam

The linked pages cover the full details you might want to review. Our records show no open issues on your account at this time. Your plan and billing settings are unchanged by this notice. Enrolment options include dependent coverage and commuter benefits this year. Access to the shared project workspace propagates through the directory sync. Our observability dashboard will refresh the corresponding metrics shortly. The item will remain available in your queue for the usual retention period. Archived versions of this message are available under your inbox filters. Members of your team have already started reviewing the highlights. The updates below cover what is new since your last visit. Community-shared tips are compiled at the end of the update. Our latest product notes are posted on the company newsletter page. A copy of the announcement has been stored on the internal wiki. We continue to monitor the underlying service for any drift. We will follow up with a separate note if further action is needed. Service levels for this workflow remain at the standard target. Thanks for taking the time to read through this update. Follow-up events will be posted to the shared calendar later this week. Your notification preferences can be adjusted from the account page. A full summary of recent activity is available on the portal. All changes land during the scheduled maintenance window. Any questions can be routed to the usual support channel. The knowledge base contains background on every link referenced above. Thanks for being a valued member of our community. Digest frequency can be switched from the notification preferences page. Your feedback helps us improve the platform for everyone.","0","legit_balance"
"""Gusto Team"" <support@bamboohr.com>","UKG: open enrolment materials are in your inbox","Good afternoon,

Hope the week is going well. A quick reminder that UKG benefits enrolment closes June 27 and any elections you have not yet submitted will default to last year's plan.

Follow-up events will be posted to the shared calendar later this week. Thanks for being a valued member of our community. Relevant context: approve sign-in, gusto, webauthn, workday.

Read the update in the newsletter on the portal. before the end of the month works fine if that is easier.


UKG","0","legit_balance"
"""Dropbox"" <no-reply@apple.com>","Confirm it was you — Dropbox","hey
Someone signed in to your Dropbox account from a location we do not recognise. Review the device list and sign out if needed. https://apple.com/secure?t=JBJG-YCPM
Use the link above to continue.
— Dropbox

We value every diploma on our list and strive to keep the updates useful.","0","legit_balance"
"""Ibrahim Musa"" <partnerships@ikejamedia.ng>","Zaria Metals — quarterly update for partners","Hope the week is going well — wanted to circle back on the conversation we started at the roundtable in Lagos and share the next steps.
Sign in to your account to finish the step.
Best,","0","legit_balance"
"""Folake Adewale"" <contact@deltaenergy.ng>","RFP response — please review","quick note —
Our team has reviewed the draft MSA and we are happy to move forward on the terms discussed during the trip to Abuja last month.
Use the link below to verify your account.

As always, your record as a long-standing mortgage is appreciated.","0","legit_balance"
"""BambooHR"" <digest@myworkday.com>","Rippling: benefits enrolment window opens September 23","Dear colleague,

Flagging this item for your attention. Your team's Rippling administrator refreshed the 401k match schedule and the new tiers take effect from the next payroll run.

Access to the shared project workspace propagates through the directory sync. Members of your team have already started reviewing the highlights. Our observability dashboard will refresh the corresponding metrics shortly. The knowledge base contains background on every link referenced above. Our records show no open issues on your account at this time. Any questions can be routed to the usual support channel. We will follow up with a separate note if further action is needed. We continue to monitor the underlying service for any drift. Our latest product notes are posted on the company newsletter page. The item will remain available in your queue for the usual retention period. The updates below cover what is new since your last visit. Digest frequency can be switched from the notification preferences page. All changes land during the scheduled maintenance window. Archived versions of this message are available under your inbox filters. Follow-up events will be posted to the shared calendar later this week. Thanks for being a valued member of our community. The linked pages cover the full details you might want to review. Your feedback helps us improve the platform for everyone. A copy of the announcement has been stored on the internal wiki. Thanks for taking the time to read through this update. Enrolment options include dependent coverage and commuter benefits this year. Your plan and billing settings are unchanged by this notice. Your notification preferences can be adjusted from the account page. Community-shared tips are compiled at the end of the update. A full summary of recent activity is available on the portal. Service levels for this workflow remain at the standard target. Relevant context: authenticator, rippling, okta, adp.

Log in to your account to see the update. ahead of the compliance review.

Sincerely,","0","legit_balance"
"""Folake Adewale"" <office@ikejamedia.ng>","Obi Textiles — thanks for the intro","Obi Textiles — thanks for the intro

Attached is the quarterly operations update covering the new warehouse lease, staffing changes, and the pilot on cold-chain logistics.

Follow-up events will be posted to the shared calendar later this week. Any questions can be routed to the usual support channel.

Visit the team workspace for the shared document.

Reference: GBXU-MNWE.","0","legit_balance"
"""Tunde Balogun"" <office@obitextiles.com.ng>","Contract draft for your review","

Quick one — Attached is the quarterly operations update covering the new warehouse lease, staffing changes, and the pilot on cold-chain logistics.

Your feedback helps us improve the platform for everyone. Follow-up events will be posted to the shared calendar later this week. Thanks for being a valued member of our community. Our latest product notes are posted on the company newsletter page. We continue to monitor the underlying service for any drift. Your notification preferences can be adjusted from the account page. Our observability dashboard will refresh the corresponding metrics shortly. Members of your team have already started reviewing the highlights. The knowledge base contains background on every link referenced above. All changes land during the scheduled maintenance window. Enrolment options include dependent coverage and commuter benefits this year. The linked pages cover the full details you might want to review. Our records show no open issues on your account at this time.

Follow the link to see the complete report.

Take care,","0","legit_balance"
